{
  "drawing": [
    59761.01623000001,
    2764.75,
    97854.73486000001,
    30346.045410000002
  ],
  "by_block": {
    "__drawing__": [
      59761.01623000001,
      2824.7500000000005,
      97684.80524,
      30346.045410000002
    ],
    "RR spread anchor face based - RR-SA-2_5-150-614724-Elevation Top": [
      63678.042590000005,
      25460.39395,
      67848.04259000001,
      26690.39395
    ],
    "RR spread anchor face based - RR-SA-2_5-150-3355620-Elevation Front": [
      73264.17728,
      2764.75,
      77434.17728,
      2824.7500000000005
    ],
    "RR spread anchor face based - RR-SA-2_5-150-614724-Elevation Front": [
      73264.17728,
      2949.7500000000005,
      77434.17728,
      2996.1381800000004
    ],
    "RR spread anchor face based - RR-SA-2_5-150-3355620-Elevation Right2": [
      82403.58642,
      2764.75,
      83633.58642,
      2831.7500000010004
    ],
    "RR spread anchor face based - RR-SA-2_5-150-614724-Elevation Right2": [
      82403.58642,
      2949.7500000000005,
      83633.58642,
      2996.1381800000004
    ],
    "Rebar Bar - Part 1871424790-431004-3D Ortho": [
      92005.65712,
      7913.15793,
      92230.60286000001,
      8072.032510000001
    ],
    "Rebar Bar - Part 1871424790-V1-3D Ortho": [
      92172.69279,
      6801.66999,
      96573.1949,
      8029.28297
    ],
    "Rebar Bar - Part 1871424790-V2-3D Ortho": [
      93843.04951000001,
      7442.91304,
      94067.65981000001,
      7602.14691
    ],
    "Rebar Bar - Part 1871424790-V3-3D Ortho": [
      94344.15653000001,
      7314.664430000001,
      94568.76683000001,
      7473.539000000001
    ],
    "Rebar Bar - Part 1871424790-V4-3D Ortho": [
      96181.54893,
      6844.41953,
      96406.15922,
      7003.346280000001
    ],
    "Rebar Bar - Part 2352736704-431004-3D Ortho": [
      94858.44793000001,
      7844.322760000001,
      94919.45061000001,
      7920.861400000001
    ],
    "Rebar Bar - Part 1070054846-431004-3D Ortho": [
      94874.36033000001,
      7931.815020000001,
      94918.79014000001,
      7950.936170000001
    ],
    "Rebar Bar - Part 360578841-431004-3D Ortho": [
      94930.88677000001,
      7729.631880000001,
      94938.88677000001,
      7913.17417
    ],
    "Rebar Bar - Part 360578841-V5-3D Ortho": [
      94856.12351,
      7746.872980000001,
      94856.12351,
      7930.41527
    ],
    "Rebar Bar - Part 766981352-431004-3D Ortho": [
      94878.10895000001,
      7860.91844,
      94939.46056,
      7938.1962300000005
    ],
    "Rebar Bar - Part 3575411732-V7-3D Ortho": [
      94762.23054,
      7880.723360000001,
      94773.79197,
      7881.335360000001
    ],
    "Rebar Bar - Part 1070054846-V8-3D Ortho": [
      94773.79197,
      7869.9644100000005,
      94818.22178,
      7881.335360000001
    ],
    "Rebar Bar - Part 360578841-V10-3D Ortho": [
      94838.31841,
      7660.031070000001,
      94838.31841,
      7843.573350000001
    ],
    "Rebar Bar - Part 766981352-V11-3D Ortho": [
      94831.44316000001,
      7791.3176300000005,
      94838.8922,
      7805.96903
    ],
    "Rebar Bar - Part 3660531219-431004-3D Ortho": [
      94577.49157000001,
      7751.3642500000005,
      95245.56942000001,
      8948.20507
    ],
    "Rebar Bar - Part 3635738315-431004-3D Ortho": [
      94444.99766000001,
      7659.668570000001,
      94460.99766000001,
      8405.22285
    ],
    "Rebar Bar - Part 3635738315-V12-3D Ortho": [
      94837.28354,
      7704.378270000001,
      94853.28354,
      8676.713960000001
    ],
    "Rebar Bar - Part 3660531219-V13-3D Ortho": [
      95343.89365000001,
      8281.77168,
      95359.89365000001,
      9027.32596
    ],
    "Rebar Bar - Part 3681399347-431004-3D Ortho": [
      92720.12437,
      8000.027840000001,
      92736.12437,
      8738.320580000001
    ],
    "Rebar Bar - Part 3660531219-V14-3D Ortho": [
      94330.70494000001,
      7580.569490000001,
      94346.70494000001,
      8326.12376
    ],
    "RR spread anchor face based - RR-SA-2_5-150-614724-3D Ortho": [
      93470.32178000001,
      7766.670720000001,
      95750.12072,
      8398.12032
    ],
    "RR spread anchor face based - RR-SA-2_5-150-V15-3D Ortho": [
      97024.70650000001,
      7435.078890000001,
      97048.83821,
      7488.44458
    ],
    "Rebar Bar - Part 4101040190-431004-3D Ortho": [
      94783.48474000001,
      7874.776680000001,
      94905.61133000001,
      7958.445820000001
    ],
    "Rebar Bar - Part 4101040190-V16-3D Ortho": [
      94827.18306000001,
      7856.028300000001,
      94951.61889000001,
      7946.671080000001
    ],
    "Rebar Bar - Part 1871424790-V17-3D Ortho": [
      93318.70835,
      8825.83911,
      93511.80738000001,
      8958.95381
    ],
    "Rebar Bar - Part 1871424790-V18-3D Ortho": [
      93485.74402000001,
      8783.08958,
      93669.2933,
      8912.7459
    ],
    "Rebar Bar - Part 1871424790-V19-3D Ortho": [
      93652.77969000001,
      8740.340040000001,
      93845.87872000001,
      8873.454730000001
    ],
    "Rebar Bar - Part 1871424790-V20-3D Ortho": [
      93819.81536000001,
      7842.5997800000005,
      97353.62784,
      8830.7052
    ],
    "Rebar Bar - Part 1871424790-V21-3D Ortho": [
      93986.85104000001,
      8654.840970000001,
      94179.95007,
      8787.955660000001
    ],
    "Rebar Bar - Part 1871424790-V22-3D Ortho": [
      94320.92238,
      8569.341900000001,
      94514.02141,
      8702.456590000002
    ],
    "Rebar Bar - Part 1871424790-V23-3D Ortho": [
      94654.99373,
      8483.84282,
      94837.28561,
      8612.62894
    ],
    "Rebar Bar - Part 1871424790-V24-3D Ortho": [
      94822.02940000001,
      8441.09329,
      95015.12843000001,
      8574.207980000001
    ],
    "Rebar Bar - Part 1871424790-V25-3D Ortho": [
      94989.06507000001,
      8398.34375,
      95182.16410000001,
      8531.45844
    ],
    "Rebar Bar - Part 1871424790-V26-3D Ortho": [
      95156.10074000001,
      8355.59422,
      95343.95658000001,
      8488.231000000002
    ],
    "Rebar Bar - Part 1871424790-V27-3D Ortho": [
      95323.13641,
      8312.84468,
      95516.23545000001,
      8445.95937
    ],
    "Rebar Bar - Part 1871424790-V28-3D Ortho": [
      95657.20776,
      8227.34561,
      95850.30679,
      8360.4603
    ],
    "Rebar Bar - Part 1871424790-V29-3D Ortho": [
      95991.27910000001,
      8141.846530000001,
      96184.37813000001,
      8274.96123
    ],
    "Rebar Bar - Part 1871424790-V30-3D Ortho": [
      96158.77372000001,
      8099.097000000001,
      96351.41381000001,
      8232.21169
    ],
    "Rebar Bar - Part 1871424790-V31-3D Ortho": [
      96492.38612000001,
      8013.597930000001,
      96685.48515000001,
      8146.71262
    ],
    "Rebar Bar - Part 1871424790-V32-3D Ortho": [
      96826.45747000001,
      7928.09885,
      97019.5565,
      8061.213540000001
    ],
    "Rebar Bar - Part 1871424790-V33-3D Ortho": [
      96993.49314,
      7887.975840000001,
      97186.59217,
      8018.464010000001
    ],
    "Rebar Bar - Part 1871424790-V34-3D Ortho": [
      97327.56448,
      7799.850240000001,
      97520.66351000001,
      7932.964940000001
    ],
    "Rebar Bar - Part 1871424790-V35-3D Ortho": [
      97494.60015000001,
      7759.72723,
      97687.69919000001,
      7890.215400000001
    ],
    "Rebar Bar - Part 1871424790-V36-3D Ortho": [
      97684.80524,
      7723.283630000001,
      97854.73486000001,
      7847.46586
    ],
    "Rebar Bar - Part 1871424790-V37-3D Ortho": [
      91895.11352000001,
      8139.389840000001,
      93135.70826000001,
      8858.990360000002
    ],
    "Rebar Bar - Part 1871424790-V38-3D Ortho": [
      92602.32501,
      8628.832970000001,
      92933.64783,
      8719.14947
    ],
    "Rebar Bar - Part 1871424790-V39-3D Ortho": [
      92501.2948,
      8558.91252,
      92832.61762,
      8649.22902
    ],